name,municipality_type,region,building_dept_url,page_title,snippet,confidence,notes,searched_at
Norfolk County,Single Tier,Norfolk,https://www.norfolkcounty.ca/,https://www.norfolkcounty.ca/business-building-and-development/building-and-renovating/apply-for-a-building-permit/,Apply for a Building Permit,"Please make an appointment before arriving by calling 519-426-5870 or 226-NORFOLK, extension 6016, or email permits@norfolkcounty.ca. Permit review process.",auto,,2026-04-07T16:06:06.340649
Haldimand County,Single Tier,Haldimand,http://www.haldimandcounty.on.ca/,https://www.haldimandcounty.ca/business-building-development/building-and-construction/building-permits-and-applications/,Building Permits and Applications,"Under the Ontario Building Code Act, you must obtain a permit to construct, demolish, renovate, or alter a building. Construction cannot begin until you have ...",auto,,2026-04-07T16:06:12.363163
City of Barrie,Single Tier,Simcoe,http://www.barrie.ca/Pages/default.aspx,https://www.barrie.ca/planning-building-infrastructure/building-renovating/permits,Building Permits,Fire Inspections & Permits. City of Barrie Logo. The City of Barrie acknowledges that we are on the traditional land of the Anishinaabeg people. Read our full ...,auto,,2026-04-07T16:06:19.655333
City of Belleville,Single Tier,Hastings,http://www.belleville.ca/,https://www.belleville.ca/en/do-business/building-permits.aspx,Building Permits,"To contact us, call 613-967-3200 ext. 3230. With any projects that require you to dig, such as building a fence, building a deck or even putting in a pool, be ...",auto,,2026-04-07T16:06:23.855208
City of Brampton,Lower Tier,Peel,http://www.brampton.ca/en/pages/welcome.aspx,https://www.brampton.ca/EN/residents/Building-Permits,City of Brampton | Building,Building Permits · Enforcement and By-law Services · Garbage and Recycling · New ... City Departments · Intergovernmental Affairs · Lobbyist and Gift Registry ...,auto,,2026-04-07T16:06:26.821902
City of Brantford,Single Tier,Brant,http://www.brantford.ca/Pages/default.aspx,https://www.brantford.ca/en/business-and-development/building-and-construction.aspx,Building and Construction,"The City's Chief Building Official or the Building Inspector will review permit applications to ensure that they meet the Ontario Building Code, as well as ...",auto,,2026-04-07T16:06:34.505064
City of Brockville,Single Tier,Leeds and Grenville,http://www.brockville.com/,https://brockville.com/building-business-development/building-and-construction/,Building and Construction - City of ...,The Building Department is responsible for enforcement of the Ontario Building Code to ensure that standards for construction and plumbing are consistent.,auto,,2026-04-07T16:06:37.778320
City of Burlington,Lower Tier,Halton,https://www.burlington.ca/en/index.aspx,https://www.burlington.ca/en/building-and-renovating/building-permits.aspx,Building Permits,Contact the Building Department at 905-335-7731 or by email to apply for a permit transfer. Do I need a building permit to install/build a tiny house or ...,auto,,2026-04-07T16:06:40.137193
City of Cambridge,Lower Tier,Waterloo,http://www.cambridge.ca/,https://www.cambridge.ca/business-building-development/building-planning/building-permits/,Building Permits,Create an account on the City Application Portal to: Submit and track permit applications; Make payments; Request property or permit information. Frequently ...,auto,,2026-04-07T16:06:42.695147
City of Clarence-Rockland,Lower Tier,Prescott and Russell,http://www.clarence-rockland.com/,https://www.clarence-rockland.com/en/building-business/building-construction-0,Building and Construction | City of Clarence- ...,"In order to obtain a Building Permit, the application form must be completed and submitted with all required documents. This application can be ...",auto,,2026-04-07T16:06:49.245051
City of Cornwall,Single Tier,"Stormont, Dundas and Glengarry",http://www.cornwall.ca/,https://www.cornwall.ca/en/do-business/building-permits.aspx,Building Permits,"For advice on whether your project requires a permit, contact our Permit Technician at 613-930-2787 ext 2355. It is the property owner's responsibility to ...",auto,,2026-04-07T16:07:00.767515
City of Dryden,Single Tier,Kenora,http://www.dryden.ca/,https://www.dryden.ca/build-invest/building-planning/building-and-renovating/building-permits/,Building Permits,"Apply for building permits in Dryden and learn about requirements, fees, and inspections to ensure your construction or renovation meets local standards.",auto,,2026-04-07T16:07:03.509833
City of Elliot Lake,Single Tier,Algoma,http://www.cityofelliotlake.com/,https://www.elliotlake.ca/en/our-community/building-permits.aspx,Building Permits,The City of Elliot Lake Building Services Office can help guide you through the building permit process when starting a new build in the municipality.,auto,,2026-04-07T16:07:23.021133
City of Greater Sudbury,Single Tier,Sudbury,https://www.greatersudbury.ca/,https://www.greatersudbury.ca/buildingpermits/,Building Permits,"To inquire if Public Health approval is required, please contact Building Services at 705-674-4455 ext. 4278. Learn more about Pronto. Create a Pronto Account.",auto,,2026-04-07T16:07:26.009187
City of Guelph,Single Tier,Wellington,http://www.guelph.ca/,https://guelph.ca/city-hall/building-permits-inspections/,Building permits and inspections,Building permits and inspections. model of a house without a roof sitting on floor plans. house icon. Residential building permits and inspections ...,auto,,2026-04-07T16:07:29.186596
City of Hamilton,Single Tier,Hamilton,http://www.hamilton.ca/,https://www.hamilton.ca/build-invest-grow/construction-renovation/residential-building-renovation/building-permit,Building Permit Application Requirements,Contact the Planning Division at 905-546-2424 ext 2719 or email zoningInquiry@hamilton.ca when you are planning your project to determine the ...,auto,,2026-04-07T16:07:31.453220
City of Kawartha Lakes,Single Tier,Kawartha Lakes,http://www.city.kawarthalakes.on.ca/,https://www.kawarthalakes.ca/property-environment/building-septic-and-renovations/building-permits-and-guides/,Building Permits and Guides | City of Kawartha ...,On this page: Applying for a Building Permit; Building and Septic Permit Fees; How to make a payment for Building and Septic Division applications ...,auto,,2026-04-07T16:07:34.099805
City of Kenora,Single Tier,Kenora,http://www.kenora.ca/,https://www.kenora.ca/build-and-invest/building-and-renovating/building-permits/,Building Permits,"Please speak to our Building Inspectors about the required building permit, how to apply for a permit, and when to request inspections for your project.",auto,,2026-04-07T16:07:37.223432
City of Kingston,Single Tier,Frontenac,http://www.cityofkingston.ca/,https://www.cityofkingston.ca/building-and-renovating/building-permits/,Building Permits,"Review the 2024 Ontario Building Code updates that came into effect on Jan. 1, 2025, and ensure compliance before submitting your building permit. You need ...",auto,,2026-04-07T16:07:43.557627
City of Kitchener,Lower Tier,Waterloo,http://www.kitchener.ca/,https://www.kitchener.ca/development-and-construction/building-permits/,Building permits,Everything you need to know about getting a building permit in Kitchener.,auto,,2026-04-07T16:07:49.141391
City of London,Single Tier,Middlesex,http://www.london.ca/,https://london.ca/living-london/building-renovating/building-permits,Building permits,"For more information and assistance, please email building@london.ca or call 519-661-4555. Image. Staff interacting ...",auto,,2026-04-07T16:07:56.629755
City of Markham,Lower Tier,York,http://www.markham.ca/,https://www.markham.ca/economic-development-business/building-permits,Building Permits,"Contact. Building Standards Department. 101 Town Centre Boulevard. Markham, ON, L3R 9W3. Phone 905.475.4858. Email. buildingstandards@markham.ca. Hours. Monday ...",auto,,2026-04-07T16:07:59.598611
City of Mississauga,Lower Tier,Peel,http://www.mississauga.ca/,https://www.mississauga.ca/services-and-programs/building-and-renovating/building-permits/,Building permits – City of Mississauga,"Find information, resources and support to help you navigate the building permit application process for both residential and non-residential properties.",auto,,2026-04-07T16:08:02.670510
City of Niagara Falls,Lower Tier,Niagara,http://www.niagarafalls.ca/,https://niagarafalls.ca/building-planning-and-business/building-and-renovating/,Building and Renovating | Niagara Falls,"Building Permits are necessary to meet fire, construction, and structural safety standards. They also confirm that the project follows zoning by-laws.",auto,,2026-04-07T16:08:04.820279
City of North Bay,Single Tier,Nipissing,http://www.cityofnorthbay.ca/,https://northbay.ca/services-payments/building-development/building-permits/,Building Permits,"Have Questions? For more information, please email building@northbay.ca or call (705) 474-0400 ext. 2415.",auto,,2026-04-07T16:08:12.026090
City of Orillia,Single Tier,Simcoe,http://www.orillia.ca/,https://www.orillia.ca/en/living-here/buildingpermits.aspx,Building Permits,"If you require assistance or communication support, please contact 705-329-7258. Contact(s). General Building Enquiries Building Division 50 Andrew Street South ...",auto,,2026-04-07T16:08:17.244778
City of Oshawa,Lower Tier,Durham,https://www.oshawa.ca/en/index.aspx,https://www.oshawa.ca/living-here/building-and-renovating/building-permits/,Building Permits | City of Oshawa,"Forms and resources · Permit application form, submit it along with your permit plans and pay a permit fee as outlined by the Building By-law as amended.",auto,,2026-04-07T16:08:38.012657
City of Ottawa,Single Tier,Ottawa,http://ottawa.ca/en,https://ottawa.ca/en/living-ottawa/rural-ottawa/building-permits-and-approvals/building-permits-and-approvals,Building permits and approvals,"Find more information on building permits or visit a Client Service Centre, call the City at 3-1-1, or e-mail buildingpermits@ottawa.ca(link opens email ...",auto,,2026-04-07T16:08:40.093272
City of Owen Sound,Lower Tier,Grey,http://www.owensound.ca/,https://www.owensound.ca/business-building-development/building-permits-inspections/,Building Permits & Inspections | City of Owen ...,"All Owen Sound building permits are now managed through the online portal called Cloudpermit. For more information about this system, visit our Building and ...",auto,,2026-04-07T16:08:42.300079
City of Pembroke,Single Tier,Renfrew,http://www.pembrokeontario.com/,https://www.pembroke.ca/business-and-development/building-and-renovating/,Building and Renovating,"The City of Pembroke issues permits through our online system, Cloudpermit. The entire building permit process, from submitting, reviewing, and issuing permits ...",auto,,2026-04-07T16:08:44.349375
City of Peterborough,Single Tier,Peterborough,http://www.peterborough.ca/,https://www.peterborough.ca/business-building-development/planning-building-and-development/building-services-and-permits/,Building Services and Permits,"If you want to find the status of your application, you can check the portal (if application submitted through the portal) 24/7 or call 705-742-7777 ext. 1892 ...",auto,,2026-04-07T16:08:53.256283
City of Pickering,Lower Tier,Durham,https://www.pickering.ca/en/index.aspx,https://www.pickering.ca/business-building-development/building-and-renovating/building-permits/,Building Permits,"Business, Building & Development · Building and Renovating; Building Permits. Contact Us. One The Esplanade Pickering, Ontario Canada L1V 6K7. 905.683.7575.",auto,,2026-04-07T16:08:55.918577
City of Port Colborne,Lower Tier,Niagara,http://www.portcolborne.ca/,https://www.portcolborne.ca/en/business-and-development/building-and-construction.aspx,Building Permits and Construction,"The Building Division is responsible for issuing building permits, demolition permits, and enforcement of the Building Code Act.",auto,,2026-04-07T16:08:58.788389
City of Quinte West,Single Tier,Hastings,http://www.quintewest.ca/,https://quintewest.ca/building-renovating/building-permits/,Building permits - The City of Quinte ...,"The City of Quinte West invites residents, businesses, and contractors to submit their next building permit application online. The City of Quinte West is ...",auto,,2026-04-07T16:09:03.394211
City of Richmond Hill,Lower Tier,York,http://www.richmondhill.ca/,https://www.richmondhill.ca/en/online-services/Building-Permits.aspx,Building Permits - City of Richmond ...,"Richmond Hill accepts online applications for all types of building permits, including: Alterations and additions to existing homes; Miscellaneous residential ...",auto,,2026-04-07T16:09:09.052630
City of Sarnia,Lower Tier,Lambton,http://www.sarnia.ca/,https://www.sarnia.ca/construction-projects-and-renovations/building-permits/,Building Permit Applications & General Information,"... Services on the third floor of City Hall, or by cheque mailed to 255 Christina St N, Sarnia ON N7T 7N2 ATTN: Building Dept. Inspections for an Approved Permit.",auto,,2026-04-07T16:09:19.675760
City of Sault Ste. Marie,Single Tier,Algoma,https://saultstemarie.ca/,https://saultstemarie.ca/work/building-permits/,Building & Permits,"Plans examination and permit issuance for all building projects, inspection services to determine compliance and enforcement services for associated by-laws.",auto,,2026-04-07T16:09:23.363643
City of St. Catharines,Lower Tier,Niagara,http://www.stcatharines.ca/,https://www.stcatharines.ca/en/building-and-renovating/building-permits.aspx,Building Permits,"At the City of St. Catharines, Planning and Building Services issues building permits and reviews each application to make sure your project complies with the ...",auto,,2026-04-07T16:09:27.048943
City of St. Thomas,Single Tier,Elgin,https://www.stthomas.ca/,https://www.stthomas.ca/city_hall/planning_and_building_services/building_services/building_permits,Building Permits,Should you have any enquiries regarding building permits please call Building Services at (519) 633-2560. If you have a current permit and are ready for ...,auto,,2026-04-07T16:09:36.430041
City of Stratford,Single Tier,Perth,https://www.stratford.ca/en/index.aspx,https://www.stratford.ca/en/inside-city-hall/building.aspx,Building Permit,Building Services at the City of Stratford is here to help you through the Building Permit process. Applying for a Building Permit.,auto,,2026-04-07T16:09:41.552490
City of Temiskaming Shores,Single Tier,Timiskaming,http://www.temiskamingshores.ca/,https://www.temiskamingshores.ca/living-here/building/,Building,Building Permit Process. Pre-Consultation. Staff of the building department are available to meet with you before you submit your application for Building ...,auto,,2026-04-07T16:09:46.302508
City of Thorold,Lower Tier,Niagara,http://www.thorold.com/,https://www.thorold.ca/en/living-here/building-permit.aspx,Building Permit,"For further assistance, please call the Building Division at 905-227-6613 ext. 277 or visit us in person at 8 Carleton St. S. 2nd Floor, Thorold ON L2V 5C2.",auto,,2026-04-07T16:09:48.395592
City of Thunder Bay,Single Tier,Thunder Bay,http://www.thunderbay.ca/,https://www.thunderbay.ca/en/business/building-and-planning.aspx,Building and Planning,"Monday to Friday from 8:30 am to 4:30 pm. *Please note that office hours for locations outside of City Hall may vary, and some offices may close during lunch ...",auto,,2026-04-07T16:09:51.419019
City of Timmins,Single Tier,Cochrane,http://www.timmins.ca/,https://www.timmins.ca/our_services/building_and_planning/building/building_permits,Building Permits,Please contact Service Timmins at (705) 264-1331 for additional information. Why do I need a Building Permit? It is against the law to start construction ...,auto,,2026-04-07T16:09:59.103268
City of Toronto,Single Tier,Toronto,http://www.toronto.ca/,https://www.toronto.ca/services-payments/building-construction/building-permit/,Building Permits,"A building permit is required under the Building Code Act for most construction, demolition, additions, or major renovations. It gives you formal permission ...",auto,,2026-04-07T16:10:06.268832
City of Vaughan,Lower Tier,York,http://www.city.vaughan.on.ca/,https://www.vaughan.ca/residential/building-and-construction/building-permits,Building Permits,"For clarification, contact the Building Standards department at 905-832-8510 or read the frequently asked questions. Related Links. Building inspections ...",auto,,2026-04-07T16:10:15.177678
City of Waterloo,Lower Tier,Waterloo,http://www.city.waterloo.on.ca/,https://www.waterloo.ca/building-and-renovating/get-a-building-permit/,Get a building permit,"Find out what you need to get a building permit for your project, whether it be additions, decks, gazebos, or other home improvements.",auto,,2026-04-07T16:10:17.735340
City of Welland,Lower Tier,Niagara,http://www.welland.ca/,https://www.welland.ca/building/BldPermits.asp,Building Permits,"Building Division · Civic Square, 60 East Main St., Welland, ON L3B 3X4 · 905-735-1700 x2251 or x2257 · devserv@welland.ca.",auto,,2026-04-07T16:10:20.810474
City of Windsor,Single Tier,Essex,http://www.citywindsor.ca/,https://www.citywindsor.ca/residents/building/building-permits,Building Permits,"Not certain if you need a permit? Refer to our Frequently Asked Questions below, or contact the Planning & Building Department at 519-255-6267 with details.",auto,,2026-04-07T16:10:27.274470
City of Woodstock,Lower Tier,Oxford,https://www.cityofwoodstock.ca/en/index.aspx,https://www.cityofwoodstock.ca/en/residential-services/building-permits.aspx,Building Permits,"If you are not sure if your project requires a permit, please call our Building Technician at 519-539-2382 ext. 3106 to inquire. We do not accept building ...",auto,,2026-04-07T16:10:29.518495
"Clara and Maria, Township of Head",Lower Tier,Renfrew,http://townshipsofheadclaramaria.ca/,https://www.headclaramaria.ca/departments/building-zoning-planning/,"Building, Zoning & Planning - Departments","Our Chief Building Official is Robert (Bob) Labre. He can be reached at 613-586-2526. Due to volume of building activity, Bob only works one day a week for us.",auto,,2026-04-07T16:10:31.768518
County of Brant,Single Tier,Brant,http://www.brant.ca/,https://www.brant.ca/en/building-and-renovating/applying-for-a-building-permit.aspx,Applying for a Building Permit,"To submit a building permit application customers will be asked to provide the forms, fees, and digital copies of the specified drawings and documents.",auto,,2026-04-07T16:10:34.223464
County of Bruce,Upper Tier,Bruce,http://www.brucecounty.on.ca/,https://www.brucecounty.on.ca/departments/planning-development,Planning and Development,Department: Planning and Development. Tel : 226-909-5515. bcplwa@brucecounty.on.ca. Contact us. Business Development Grants. Department: Planning and ...,auto,,2026-04-07T16:10:43.851284
County of Dufferin,Upper Tier,Dufferin,https://www.dufferincounty.ca/,https://www.dufferincounty.ca/building-services/,"Building Services, Permit Applications","We can be reached Monday to Friday from 8:30 am – 4:30 pm by calling 519-941-2816 ext. 2700, or by emailing building@dufferincounty.ca.",auto,,2026-04-07T16:10:53.068778
County of Elgin,Upper Tier,Elgin,www.elgincounty.ca,https://www.centralelgin.org/en/building-and-development/building-and-construction.aspx,Building and Construction,The Building and By-law Department is responsible for building permits and enforcement of the Building Code Act and other applicable legislation and by-laws.,auto,,2026-04-07T16:10:58.087729
County of Essex,Upper Tier,Essex,https://www.countyofessex.ca/en/index.aspx,https://www.countyofessex.ca/resident-services/applications-permits-and-fees/,"Applications, Permits and Fees",The County of Essex maintains a list of commonly requested application and fee schedules.,auto,,2026-04-07T16:11:04.122258
County of Frontenac,Upper Tier,Frontenac,https://frontenacislands.ca/,https://www.centralfrontenac.com/en/business/building-and-planning.aspx,Building,Central Frontenac Township's Building Department ensures that all building activities adhere to applicable regulations.,auto,,2026-04-07T16:11:08.526884
County of Grey,Upper Tier,Grey,http://www.grey.ca/,https://www.grey.ca/government/land-use-planning/active-development,Active Development,Active development files in Grey County. Find answers to frequently asked questions about land use planning.,auto,,2026-04-07T16:11:12.215217
County of Haliburton,Upper Tier,Haliburton,http://haliburtoncounty.ca/,https://www.haliburtoncounty.ca/en/county-office/applications-licences-and-permits.aspx,"Applications, Licences and Permits",Applications Licences and Permits · Addressing · Building Permits · Occupancy Permits · Planning Services · Road Permits · Sign Permits · Special Events Permits.,auto,,2026-04-07T16:11:16.515917
County of Hastings,Upper Tier,Hastings,http://www.hastingscounty.com/,https://www.hastingshighlands.ca/living-here/building-and-construction/apply-for-a-building-permit/,Apply for a Building Permit,"The Municipality of Hastings Highlands has moved to a new online permitting system, Cloud Permit. To submit a permit, you must first create an account.",auto,,2026-04-07T16:11:20.543204
County of Huron,Upper Tier,Huron,http://www.huroncounty.ca/,https://www.huroncounty.ca/planning/,Planning and Development - Huron County,huronadmin@huroncounty.ca. Phone: 519.524.8394. Toll Free: 1.888.524.8394. Fax: 519.524.2044. Web Copyright and Privacy Statements · Ontario's West Coast.,auto,,2026-04-07T16:11:25.833718
County of Lambton,Upper Tier,Lambton,http://www.lambtononline.ca/,https://www.lambtononline.ca/,Lambton County,,auto,,2026-04-07T16:11:32.900991
County of Lanark,Upper Tier,Lanark,https://www.lanarkcounty.ca/en/index.aspx,https://www.lanarkcounty.ca/working/applications-licenses-and-permits/,"Applications, Licenses, and Permits",Building Permits are issued and regulated at the local Municipal level. Birth & Death Certificates. Issuing or replacing Ontario birth certificates are the ...,auto,,2026-04-07T16:11:34.846879
County of Lennox and Addington,Upper Tier,Lennox and Addington,http://www.lennox-addington.on.ca/,https://lennox-addington.on.ca/resident-services/roads/permit-application/permit-application-thank-you/,Permit Application – Thank You,Thank you for filling out the work permit application form. Your submission has been received and is now under review. You will be notified of the status of ...,auto,,2026-04-07T16:11:45.830232
County of Middlesex,Upper Tier,Middlesex,http://www.middlesex.ca/,https://www.middlesexcentre.ca/services/residents/building-permits,Building Permits,"To book your inspection, use the inspection option in the online Cloudpermit system OR contact the Building Department by email or phone. Inspections are ...",auto,,2026-04-07T16:11:50.206400
County of Northumberland,Upper Tier,Northumberland,http://northumberland.ca/,https://northumberland.ca/services/applications-licences-and-permits/,"Forms, Applications and Permits","Forms, Applications and Permits. Apply for Northumberland County programs, services, licences, permits and more.",auto,,2026-04-07T16:11:52.150734
County of Oxford,Upper Tier,Oxford,http://www.oxfordcounty.ca/,https://www.oxfordcounty.ca/services-for-you/planning-and-development/,Planning and Development,The Community Planning Office is responsible for providing a full range of land use planning services on behalf of the County and the eight area municipalities.,auto,,2026-04-07T16:11:55.834008
County of Perth,Upper Tier,Perth,http://www.perthcounty.ca/,https://www.perthcounty.ca/en/planning-and-development.aspx,Planning and Development,"Learn about building healthy communities, public meetings, or how planning is an important tool in building a sustainable future on our Planning 101 page.",auto,,2026-04-07T16:11:58.086925
County of Peterborough,Upper Tier,Peterborough,http://www.ptbocounty.ca/en/index.aspx,https://www.ptbocounty.ca/county-government/applications-licences-and-permits/,"Applications, Licences and Permits","Applications, Licences and Permits · Entrance Permit · Oversize and Overweight Load Permit · Road Cut Occupancy Permit · Sign Permit · Special Event & Filming Permit.",auto,,2026-04-07T16:12:06.692117
County of Prince Edward,Single Tier,Prince Edward,http://www.pecounty.on.ca/,https://www.thecounty.ca/residents/services/building/,Building Permit Applications,"Building Permit Applications. Building permits are required for all structures as defined in the Ontario Building Code Act, Ontario Building Code and various ...",auto,,2026-04-07T16:12:13.142245
County of Renfrew,Upper Tier,Renfrew,http://www.countyofrenfrew.on.ca/,https://www.renfrew.ca/en/building-and-construction/building-and-construction-2/building-permit,Building Permits | Renfrew,"Residents can apply for building permits online through City Reporter. For assistance with your application, email building@renfrew.ca or call 613-432-4848. A ...",auto,,2026-04-07T16:12:15.201406
County of Simcoe,Upper Tier,Simcoe,http://www.simcoe.ca/,https://simcoe.ca/services/planning/,Planning,"The Planning team is the approval authority for all local municipal official plans/amendments, while also ensuring County interests and by-laws are ...",auto,,2026-04-07T16:12:17.239277
County of Wellington,Upper Tier,Wellington,http://www.wellington.ca/,https://www.wellington.ca/your-government/applications-licences-permits,"Applications, Licences, Permits | Government","Applications, Licences, Permits. Applications, Licenses and Permits. Circumference Limit Application Form.",auto,,2026-04-07T16:12:21.658122
District Municipality of Muskoka,Upper Tier,Muskoka,http://www.muskoka.on.ca/,https://www.muskokalakes.ca/business-property-development/building-demolition-and-construction/,"Building, Demolition and Construction",Building Permit Applications & Sewage System Permit Applications. A building permit from the Township of Muskoka Lakes is needed when a person constructs or ...,auto,,2026-04-07T16:12:28.401305
"Dundas and Glengarry, United Counties of Stormont",Upper Tier,"Stormont, Dundas and Glengarry",http://www.sdg.on.ca/,https://www.sdgcounties.ca/services/transportation/permits,Permits,"Permit applications. The following permit applications can be downloaded, filled out, and submitted to our office for review: Entrance Application",auto,,2026-04-07T16:12:32.189663
"Hagarty and Richards, Township of Killaloe",Lower Tier,Renfrew,http://www.killaloe-hagarty-richards.ca/,https://www.killaloe-hagarty-richards.ca/municipal-office/building-and-septic,Building and Septic Permits,"The department handles the issuance of building permits, conducts inspections, and provides guidance to homeowners, contractors, and developers.",auto,,2026-04-07T16:12:36.059449
"Lyndoch and Raglan, Township of Brudenell",Lower Tier,Renfrew,http://www.blrtownship.ca/,https://blrtownship.ca/article/building-permits/,Building Permits,"Township of Brudenell, Lyndoch and Raglan 42 Burnt Bridge Road Box 40. Palmer Rapids, Ontario K0J 2E0. Tel: 613-758-2061. Fax: 613-758-2235. Township of ...",auto,,2026-04-07T16:12:44.543468
"Meredith and Aberdeen Additional, Township of Macdonald",Single Tier,Algoma,http://www.echobay.ca/,https://echobay.ca/municipal__trashed/permits-licenses/building-permit-info/,"Building Permit Info - Township of Macdonald, Meredith & ...","Building Permits applications can be obtained in the municipal office located at 208 Church Street, during office hours of Monday to Friday, 8:30am – 4:30pm ...",auto,,2026-04-07T16:13:00.269340
Municipality of Arran-Elderslie,Lower Tier,Bruce,http://www.arran-elderslie.com/,https://www.arran-elderslie.ca/building-and-economic-development/building-services/,Building Services,The Building Department of the Municipality of Arran-Elderslie provides statistical data and reports on building permits for informational purposes only. While ...,auto,,2026-04-07T16:13:15.737493
Municipality of Bayham,Lower Tier,Elgin,http://www.bayham.on.ca/siteengine/activepage.asp,https://www.bayham.on.ca/municipal-office/building-services/,Building Services,The Building Department is responsible for ensuring that all construction in Bayham meets the required standards outlined in the Ontario Building Code.,auto,,2026-04-07T16:13:21.662417
Municipality of Bluewater,Lower Tier,Huron,https://www.municipalityofbluewater.ca/,https://www.municipalityofbluewater.ca/business-building-and-development/building-and-renovating/building-permits/,Building Permits,"The Cloudpermit building permit system allows you to apply for and see the status of your application anywhere, at any time.",auto,,2026-04-07T16:13:24.849132
Municipality of Brighton,Lower Tier,Northumberland,http://www.brighton.ca/,https://www.brighton.ca/en/municipal-services/planning-building-bylaw.aspx,"Planning, Building, and Bylaw","The Planning Department provides services related to planning, building, and bylaw within the Municipality of Brighton.",auto,,2026-04-07T16:13:27.205078
Municipality of Brockton,Lower Tier,Bruce,http://www.brockton.ca/,https://www.brockton.ca/living-here/building-and-renovating/building-permits/,Building Permits,"The Municipality of Brockton offers residents, builders, and the business community e-permitting through Cloudpermit - an online system to apply for and ...",auto,,2026-04-07T16:13:37.038819
Municipality of Brooke-Alvinston,Lower Tier,Lambton,http://brookealvinston.com/home/,https://brookealvinston.com/residents/building-property-standards/,Building / Property Standards,Tel: 519-845-0801 ext. 5342 ; Toll Free: 1-866-324-6912 ; Fax: 519-845-3817 ...,auto,,2026-04-07T16:13:39.903286
Municipality of Callander,Single Tier,Parry Sound,http://mycallander.ca/,https://www.mycallander.ca/en/municipal-services/building,Building Department - Municipal Services,Why is a building permit required? To ensure that construction within our municipality meets the standards set out in the Ontario Building Code. To ensure that ...,auto,,2026-04-07T16:13:44.108591
Municipality of Calvin,Single Tier,Nipissing,http://www.calvintownship.ca/,https://calvintownship.ca/en/municipal-services/building-department,Building Department | Municipal Services,"Before you start your building project, please review the documents below and contact our Chief Building Official, Shane Conrad, at 705-218-0899 Mon-Tues ...",auto,,2026-04-07T16:13:46.665574
Municipality of Casselman,Lower Tier,Prescott and Russell,http://www.en.casselman.ca/,https://www.casselman.ca/en/citizen-services/construction-and-planning/construction,Construction,"For further information, feel free to email construction@casselman.ca. Apply for permit here. According to the Ontario Building Code - Division C 1.3.1.1 (6) ...",auto,,2026-04-07T16:13:51.268400
Municipality of Central Elgin,Lower Tier,Elgin,https://www.centralelgin.org/en/index.aspx,https://www.centralelgin.org/en/building-and-development/building-and-construction.aspx,Building and Construction,The Building and By-law Department is responsible for building permits and enforcement of the Building Code Act and other applicable legislation and by-laws.,auto,,2026-04-07T16:13:55.267297
Municipality of Central Huron,Lower Tier,Huron,http://www.centralhuron.com/,https://www.centralhuron.ca/en/business-and-development/building-and-renovating.aspx,Building and Renovating,The Municipality of Central Huron Building Department is here to help guide home owners and developers through the building process. A building permit is a ...,auto,,2026-04-07T16:13:57.416438
Municipality of Central Manitoulin,Single Tier,Manitoulin,http://www.centralmanitoulin.ca/,https://www.centralmanitoulin.ca/business-development/building-and-renovating/,Building and Renovating,"The Building Official is available between the hours of 8:30am-12:00pm and 1:00pm-4:30pm, Monday to Friday at the Municipal Office located at 6020 Hwy.",auto,,2026-04-07T16:13:59.976504
Municipality of Centre Hastings,Lower Tier,Hastings,http://www.centrehastings.com/,https://www.centrehastings.com/applications-licences-permits/building-and-renovating/,Building and Renovating,Permits can be obtained through your local office. Inspections can be obtained by calling (613)473-4030. Do NOT call before ready.,auto,,2026-04-07T16:14:06.334584
Municipality of Charlton and Dack,Single Tier,Timiskaming,http://www.charltonanddack.com/,http://www.charltonanddack.com/building-permits,Building Department,Information regarding the building permit process can be found on the TMBA website at www.tembuild.com. Other things to consider. In addition to the building ...,auto,,2026-04-07T16:14:08.887291
Municipality of Chatham-Kent,Single Tier,Chatham-Kent,http://www.chatham-kent.ca,https://www.chatham-kent.ca/apply/permits/Pages/Building-Permit.aspx,Chatham-Kent | Building Permit,"For questions or more information regarding Building Permits, please call 519-352-8401 x 3215, Monday to Friday, 8:30 am - 4:30 pm. No work can start until the ...",auto,,2026-04-07T16:14:12.881466
Municipality of Clarington,Lower Tier,Durham,http://www.clarington.net/,https://www.clarington.net/homes-and-property/building-or-renovating/building-and-demolition-permits/,Building and Demolition Permits,"If you are unable to apply online or need help with the application process, please call 905-623-3379 ext. 2660 or email BuildingPermits@clarington.net. Search ...",auto,,2026-04-07T16:14:15.138137
Municipality of Dutton/Dunwich,Lower Tier,Elgin,http://www.duttondunwich.on.ca/,https://www.duttondunwich.on.ca/business-development/building,Building,ALL BUILDING PERMITS CAN NOW BE APPLIED FOR ONLINE THROUGH OUR ONLINE BUILDING PERMIT SOFTWARE CLOUDPERMIT. Create an Account: Go to the Cloudpermit site. Click ...,auto,,2026-04-07T16:14:23.222762
Municipality of Dysart et al,Lower Tier,Haliburton,http://www.dysartetal.ca/,https://www.dysartetal.ca/build-and-invest/building-and-septic-department/,Building and Septic Department,The Ontario Building Code requires that a complete building permit application for small projects and houses will be processed within 10 days. Besides ...,auto,,2026-04-07T16:14:26.910120
Municipality of French River,Single Tier,Sudbury,http://www.frenchriver.ca/,https://www.frenchriver.ca/p/building-and-development,Building and Development,"The department issues building, plumbing, demolition, occupancy, and other permits governed by the Ontario Building Code.",auto,,2026-04-07T16:14:30.080268
Municipality of Gordon/Barrie Island,Single Tier,Manitoulin,https://www.gordonbarrieisland.ca/,https://www.gordonbarrieisland.ca/government/applications-permits/,Applications & Permits,... municipal office at 705-282-2702 or clerk@gordonbarrieisland.ca. *IMPORTANT ... Application for Permit to Construct or Demolish (Building Permit).,auto,,2026-04-07T16:14:33.666168
Municipality of Greenstone,Single Tier,Thunder Bay,http://www.greenstone.ca/,https://www.greenstone.ca/business-and-development/building-permits/,Building Permits,"The Cloudpermit building permit system allows you to apply for and to see the status of your application anywhere, at any time. You can start an application and ...",auto,,2026-04-07T16:14:36.942653
Municipality of Grey Highlands,Lower Tier,Grey,http://www.greyhighlands.ca/,https://www.greyhighlands.ca/shared-development/building-and-development/,Building and Development,The Building Services Department is the body responsible for enforcing Ontario's Building Code in the municipality. They are responsible for permits for ...,auto,,2026-04-07T16:14:46.266605
